"sys","system","series","stage","short","bottom","mid","top","dur","stg","systemCol","seriesCol","col"
"E","Ediacaran","Ediacaran","Avalon Assemblage","Ava",574,573.5,573,1,1,"#fddd88","#fddd88","#fcd589"
"E","Ediacaran","Ediacaran","Avalon Assemblage","Ava",573,572.5,572,1,2,"#fddd88","#fddd88","#fcd589"
"E","Ediacaran","Ediacaran","Avalon Assemblage","Ava",572,571.5,571,1,3,"#fddd88","#fddd88","#fcd589"
"E","Ediacaran","Ediacaran","Avalon Assemblage","Ava",571,570.5,570,1,4,"#fddd88","#fddd88","#fcd589"
"E","Ediacaran","Ediacaran","Avalon Assemblage","Ava",570,569.5,569,1,5,"#fddd88","#fddd88","#fcd589"
"E","Ediacaran","Ediacaran","Avalon Assemblage","Ava",569,568.5,568,1,6,"#fddd88","#fddd88","#fcd589"
"E","Ediacaran","Ediacaran","Avalon Assemblage","Ava",568,567.5,567,1,7,"#fddd88","#fddd88","#fcd589"
"E","Ediacaran","Ediacaran","Avalon Assemblage","Ava",567,566.5,566,1,8,"#fddd88","#fddd88","#fcd589"
"E","Ediacaran","Ediacaran","Avalon Assemblage","Ava",566,565.5,565,1,9,"#fddd88","#fddd88","#fcd589"
"E","Ediacaran","Ediacaran","Avalon Assemblage","Ava",565,564.5,564,1,10,"#fddd88","#fddd88","#fcd589"
"E","Ediacaran","Ediacaran","Avalon Assemblage","Ava",564,563.5,563,1,11,"#fddd88","#fddd88","#fcd589"
"E","Ediacaran","Ediacaran","Avalon Assemblage","Ava",563,562.5,562,1,12,"#fddd88","#fddd88","#fcd589"
"E","Ediacaran","Ediacaran","Avalon Assemblage","Ava",562,561.5,561,1,13,"#fddd88","#fddd88","#fcd589"
"E","Ediacaran","Ediacaran","Avalon Assemblage","Ava",561,560.5,560,1,14,"#fddd88","#fddd88","#fcd589"
"E","Ediacaran","Ediacaran","Avalon Assemblage","Ava",560,559.5,559,1,15,"#fddd88","#fddd88","#fcd589"
"E","Ediacaran","Ediacaran","White Sea Assemblage","Whs",559,558.5,558,1,16,"#fddd88","#fddd88","#fdd587"
"E","Ediacaran","Ediacaran","White Sea Assemblage","Whs",558,557.5,557,1,17,"#fddd88","#fddd88","#fdd587"
"E","Ediacaran","Ediacaran","White Sea Assemblage","Whs",557,556.5,556,1,18,"#fddd88","#fddd88","#fdd587"
"E","Ediacaran","Ediacaran","White Sea Assemblage","Whs",556,555.5,555,1,19,"#fddd88","#fddd88","#fdd587"
"E","Ediacaran","Ediacaran","White Sea Assemblage","Whs",555,554.5,554,1,20,"#fddd88","#fddd88","#fdd587"
"E","Ediacaran","Ediacaran","White Sea Assemblage","Whs",554,553.5,553,1,21,"#fddd88","#fddd88","#fdd587"
"E","Ediacaran","Ediacaran","White Sea Assemblage","Whs",553,552.5,552,1,22,"#fddd88","#fddd88","#fdd587"
"E","Ediacaran","Ediacaran","White Sea Assemblage","Whs",552,551.5,551,1,23,"#fddd88","#fddd88","#fdd587"
"E","Ediacaran","Ediacaran","White Sea Assemblage","Whs",551,550.5,550,1,24,"#fddd88","#fddd88","#fdd587"
"E","Ediacaran","Ediacaran","White Sea Assemblage","Whs",550,549.5,549,1,25,"#fddd88","#fddd88","#fdd587"
"E","Ediacaran","Ediacaran","White Sea Assemblage","Whs",549,548.5,548,1,26,"#fddd88","#fddd88","#fdd587"
"E","Ediacaran","Ediacaran","Nama Assemblage","Nam",548,547.5,547,1,27,"#fddd88","#fddd88","#fed583"
"E","Ediacaran","Ediacaran","Nama Assemblage","Nam",547,546.5,546,1,28,"#fddd88","#fddd88","#fed583"
"E","Ediacaran","Ediacaran","Nama Assemblage","Nam",546,545.5,545,1,29,"#fddd88","#fddd88","#fed583"
"E","Ediacaran","Ediacaran","Nama Assemblage","Nam",545,544.5,544,1,30,"#fddd88","#fddd88","#fed583"
"E","Ediacaran","Ediacaran","Nama Assemblage","Nam",544,543.5,543,1,31,"#fddd88","#fddd88","#fed583"
"E","Ediacaran","Ediacaran","Nama Assemblage","Nam",543,542.5,542,1,32,"#fddd88","#fddd88","#fed583"
"E","Ediacaran","Ediacaran","Nama Assemblage","Nam",542,541.5,541,1,33,"#fddd88","#fddd88","#fed583"
"E","Ediacaran","Ediacaran","Nama Assemblage","Nam",541,540.5,540,1,34,"#fddd88","#fddd88","#fed583"
"Cm","Cambrian","Terreneuvian","Fortunian","For",540,539.5,539,1,35,"#94ac72","#9db989","#a9be93"
"Cm","Cambrian","Terreneuvian","Fortunian","For",539,538.5,538,1,36,"#94ac72","#9db989","#a9be93"
"Cm","Cambrian","Terreneuvian","Fortunian","For",538,537.5,537,1,37,"#94ac72","#9db989","#a9be93"
"Cm","Cambrian","Terreneuvian","Fortunian","For",537,536.5,536,1,38,"#94ac72","#9db989","#a9be93"
"Cm","Cambrian","Terreneuvian","Fortunian","For",536,535.5,535,1,39,"#94ac72","#9db989","#a9be93"
"Cm","Cambrian","Terreneuvian","Fortunian","For",535,534.5,534,1,40,"#94ac72","#9db989","#a9be93"
"Cm","Cambrian","Terreneuvian","Fortunian","For",534,533.5,533,1,41,"#94ac72","#9db989","#a9be93"
"Cm","Cambrian","Terreneuvian","Fortunian","For",533,532.5,532,1,42,"#94ac72","#9db989","#a9be93"
"Cm","Cambrian","Terreneuvian","Fortunian","For",532,531.5,531,1,43,"#94ac72","#9db989","#a9be93"
"Cm","Cambrian","Terreneuvian","Fortunian","For",531,530.5,530,1,44,"#94ac72","#9db989","#a9be93"
"Cm","Cambrian","Terreneuvian","Fortunian","For",530,529.5,529,1,45,"#94ac72","#9db989","#a9be93"
"Cm","Cambrian","Terreneuvian","Fortunian","For",529,528.5,528,1,46,"#94ac72","#9db989","#a9be93"
"Cm","Cambrian","Terreneuvian","Stage 2","St2",528,527.5,527,1,47,"#94ac72","#9db989","#b6c29e"
"Cm","Cambrian","Terreneuvian","Stage 2","St2",527,526.5,526,1,48,"#94ac72","#9db989","#b6c29e"
"Cm","Cambrian","Terreneuvian","Stage 2","St2",526,525.5,525,1,49,"#94ac72","#9db989","#b6c29e"
"Cm","Cambrian","Terreneuvian","Stage 2","St2",525,524.5,524,1,50,"#94ac72","#9db989","#b6c29e"
"Cm","Cambrian","Terreneuvian","Stage 2","St2",524,523.5,523,1,51,"#94ac72","#9db989","#b6c29e"
"Cm","Cambrian","Terreneuvian","Stage 2","St2",523,522.5,522,1,52,"#94ac72","#9db989","#b6c29e"
"Cm","Cambrian","Terreneuvian","Stage 2","St2",522,521.5,521,1,53,"#94ac72","#9db989","#b6c29e"
"Cm","Cambrian","Terreneuvian","Stage 2","St2",521,520.5,520,1,54,"#94ac72","#9db989","#b6c29e"
"Cm","Cambrian","Series 2","Stage 3","St3",520,519.5,519,1,55,"#94ac72","#a9c595","#b5ca9f"
"Cm","Cambrian","Series 2","Stage 3","St3",519,518.5,518,1,56,"#94ac72","#a9c595","#b5ca9f"
"Cm","Cambrian","Series 2","Stage 3","St3",518,517.5,517,1,57,"#94ac72","#a9c595","#b5ca9f"
"Cm","Cambrian","Series 2","Stage 3","St3",517,516.5,516,1,58,"#94ac72","#a9c595","#b5ca9f"
"Cm","Cambrian","Series 2","Stage 3","St3",516,515.5,515,1,59,"#94ac72","#a9c595","#b5ca9f"
"Cm","Cambrian","Series 2","Stage 3","St3",515,514.5,514,1,60,"#94ac72","#a9c595","#b5ca9f"
"Cm","Cambrian","Series 2","Stage 3","St3",514,513.5,513,1,61,"#94ac72","#a9c595","#b5ca9f"
"Cm","Cambrian","Series 2","Stage 4","St4",513,512.5,512,1,62,"#94ac72","#a9c595","#c0ceaa"
"Cm","Cambrian","Series 2","Stage 4","St4",512,511.5,511,1,63,"#94ac72","#a9c595","#c0ceaa"
"Cm","Cambrian","Series 2","Stage 4","St4",511,510.5,510,1,64,"#94ac72","#a9c595","#c0ceaa"
"Cm","Cambrian","Series 2","Stage 4","St4",510,509.5,509,1,65,"#94ac72","#a9c595","#c0ceaa"
"Cm","Cambrian","Series 2","Stage 4","St4",509,508.5,508,1,66,"#94ac72","#a9c595","#c0ceaa"
"Cm","Cambrian","Series 3","Stage 5","St5",508,507.5,507,1,67,"#94ac72","#b6d2a2","#c1d6af"
"Cm","Cambrian","Series 3","Stage 5","St5",507,506.5,506,1,68,"#94ac72","#b6d2a2","#c1d6af"
"Cm","Cambrian","Series 3","Stage 5","St5",506,505.5,505,1,69,"#94ac72","#b6d2a2","#c1d6af"
"Cm","Cambrian","Series 3","Stage 5","St5",505,504.5,504,1,70,"#94ac72","#b6d2a2","#c1d6af"
"Cm","Cambrian","Series 3","Drumian","Dru",504,503.5,503,1,71,"#94ac72","#b6d2a2","#cddbb8"
"Cm","Cambrian","Series 3","Drumian","Dru",503,502.5,502,1,72,"#94ac72","#b6d2a2","#cddbb8"
"Cm","Cambrian","Series 3","Drumian","Dru",502,501.5,501,1,73,"#94ac72","#b6d2a2","#cddbb8"
"Cm","Cambrian","Series 3","Drumian","Dru",501,500.5,500,1,74,"#94ac72","#b6d2a2","#cddbb8"
"Cm","Cambrian","Series 3","Guzhangian","Guz",500,499.5,499,1,75,"#94ac72","#b6d2a2","#d6e1c1"
"Cm","Cambrian","Series 3","Guzhangian","Guz",499,498.5,498,1,76,"#94ac72","#b6d2a2","#d6e1c1"
"Cm","Cambrian","Series 3","Guzhangian","Guz",498,497.5,497,1,77,"#94ac72","#b6d2a2","#d6e1c1"
"Cm","Cambrian","Series 3","Guzhangian","Guz",497,496.5,496,1,78,"#94ac72","#b6d2a2","#d6e1c1"
"Cm","Cambrian","Furongian","Paibian","Pai",496,495.5,495,1,79,"#94ac72","#c2ddb0","#d8e8c4"
"Cm","Cambrian","Furongian","Paibian","Pai",495,494.5,494,1,80,"#94ac72","#c2ddb0","#d8e8c4"
"Cm","Cambrian","Furongian","Paibian","Pai",494,493.5,493,1,81,"#94ac72","#c2ddb0","#d8e8c4"
"Cm","Cambrian","Furongian","Jiangshanian","Jia",493,492.5,492,1,82,"#94ac72","#c2ddb0","#e4efcf"
"Cm","Cambrian","Furongian","Jiangshanian","Jia",492,491.5,491,1,83,"#94ac72","#c2ddb0","#e4efcf"
"Cm","Cambrian","Furongian","Jiangshanian","Jia",491,490.5,490,1,84,"#94ac72","#c2ddb0","#e4efcf"
"Cm","Cambrian","Furongian","Jiangshanian","Jia",490,489.5,489,1,85,"#94ac72","#c2ddb0","#e4efcf"
"Cm","Cambrian","Furongian","Lawsonian","Law",489,488.5,488,1,86,"#94ac72","#c2ddb0","#edf2db"
"Cm","Cambrian","Furongian","Lawsonian","Law",488,487.5,487,1,87,"#94ac72","#c2ddb0","#edf2db"
"Cm","Cambrian","Furongian","Lawsonian","Law",487,486.5,486,1,88,"#94ac72","#c2ddb0","#edf2db"
"Cm","Cambrian","Furongian","Lawsonian","Law",486,485.5,485,1,89,"#94ac72","#c2ddb0","#edf2db"
"O","Ordovician","Lower Ordovician","Tremadocian","Tre",485,484.5,484,1,90,"#009881","#00a180","#0dac98"
"O","Ordovician","Lower Ordovician","Tremadocian","Tre",484,483.5,483,1,91,"#009881","#00a180","#0dac98"
"O","Ordovician","Lower Ordovician","Tremadocian","Tre",483,482.5,482,1,92,"#009881","#00a180","#0dac98"
"O","Ordovician","Lower Ordovician","Tremadocian","Tre",482,481.5,481,1,93,"#009881","#00a180","#0dac98"
"O","Ordovician","Lower Ordovician","Tremadocian","Tre",481,480.5,480,1,94,"#009881","#00a180","#0dac98"
"O","Ordovician","Lower Ordovician","Tremadocian","Tre",480,479.5,479,1,95,"#009881","#00a180","#0dac98"
"O","Ordovician","Lower Ordovician","Tremadocian","Tre",479,478.5,478,1,96,"#009881","#00a180","#0dac98"
"O","Ordovician","Lower Ordovician","Tremadocian","Tre",478,477.5,477,1,97,"#009881","#00a180","#0dac98"
"O","Ordovician","Lower Ordovician","Floian","Flo",477,476.5,476,1,98,"#009881","#00a180","#0eb1a0"
"O","Ordovician","Lower Ordovician","Floian","Flo",476,475.5,475,1,99,"#009881","#00a180","#0eb1a0"
"O","Ordovician","Lower Ordovician","Floian","Flo",475,474.5,474,1,100,"#009881","#00a180","#0eb1a0"
"O","Ordovician","Lower Ordovician","Floian","Flo",474,473.5,473,1,101,"#009881","#00a180","#0eb1a0"
"O","Ordovician","Lower Ordovician","Floian","Flo",473,472.5,472,1,102,"#009881","#00a180","#0eb1a0"
"O","Ordovician","Lower Ordovician","Floian","Flo",472,471.5,471,1,103,"#009881","#00a180","#0eb1a0"
"O","Ordovician","Lower Ordovician","Floian","Flo",471,470.5,470,1,104,"#009881","#00a180","#0eb1a0"
"O","Ordovician","Lower Ordovician","Floian","Flo",470,469.5,469,1,105,"#009881","#00a180","#0eb1a0"
"O","Ordovician","Middle Ordovician","Dapingian","Dap",469,468.5,468,1,106,"#009881","#34b597","#67c0ae"
"O","Ordovician","Middle Ordovician","Dapingian","Dap",468,467.5,467,1,107,"#009881","#34b597","#67c0ae"
"O","Ordovician","Middle Ordovician","Darriwilian","Dar",467,466.5,466,1,108,"#009881","#34b597","#79c5b8"
"O","Ordovician","Middle Ordovician","Darriwilian","Dar",466,465.5,465,1,109,"#009881","#34b597","#79c5b8"
"O","Ordovician","Middle Ordovician","Darriwilian","Dar",465,464.5,464,1,110,"#009881","#34b597","#79c5b8"
"O","Ordovician","Middle Ordovician","Darriwilian","Dar",464,463.5,463,1,111,"#009881","#34b597","#79c5b8"
"O","Ordovician","Middle Ordovician","Darriwilian","Dar",463,462.5,462,1,112,"#009881","#34b597","#79c5b8"
"O","Ordovician","Middle Ordovician","Darriwilian","Dar",462,461.5,461,1,113,"#009881","#34b597","#79c5b8"
"O","Ordovician","Middle Ordovician","Darriwilian","Dar",461,460.5,460,1,114,"#009881","#34b597","#79c5b8"
"O","Ordovician","Middle Ordovician","Darriwilian","Dar",460,459.5,459,1,115,"#009881","#34b597","#79c5b8"
"O","Ordovician","Middle Ordovician","Darriwilian","Dar",459,458.5,458,1,116,"#009881","#34b597","#79c5b8"
"O","Ordovician","Upper Ordovician","Sandbian","Sbd",458,457.5,457,1,117,"#009881","#8ccbae","#9bceaf"
"O","Ordovician","Upper Ordovician","Sandbian","Sbd",457,456.5,456,1,118,"#009881","#8ccbae","#9bceaf"
"O","Ordovician","Upper Ordovician","Sandbian","Sbd",456,455.5,455,1,119,"#009881","#8ccbae","#9bceaf"
"O","Ordovician","Upper Ordovician","Sandbian","Sbd",455,454.5,454,1,120,"#009881","#8ccbae","#9bceaf"
"O","Ordovician","Upper Ordovician","Sandbian","Sbd",454,453.5,453,1,121,"#009881","#8ccbae","#9bceaf"
"O","Ordovician","Upper Ordovician","Sandbian","Sbd",453,452.5,452,1,122,"#009881","#8ccbae","#9bceaf"
"O","Ordovician","Upper Ordovician","Katian","Kat",452,451.5,451,1,123,"#009881","#8ccbae","#a6d5c3"
"O","Ordovician","Upper Ordovician","Katian","Kat",451,450.5,450,1,124,"#009881","#8ccbae","#a6d5c3"
"O","Ordovician","Upper Ordovician","Katian","Kat",450,449.5,449,1,125,"#009881","#8ccbae","#a6d5c3"
"O","Ordovician","Upper Ordovician","Katian","Kat",449,448.5,448,1,126,"#009881","#8ccbae","#a6d5c3"
"O","Ordovician","Upper Ordovician","Katian","Kat",448,447.5,447,1,127,"#009881","#8ccbae","#a6d5c3"
"O","Ordovician","Upper Ordovician","Katian","Kat",447,446.5,446,1,128,"#009881","#8ccbae","#a6d5c3"
"O","Ordovician","Upper Ordovician","Katian","Kat",446,445.5,445,1,129,"#009881","#8ccbae","#a6d5c3"
"O","Ordovician","Upper Ordovician","Hirnantian","Hir",445,444.5,444,1,130,"#009881","#8ccbae","#b6d9c3"
"O","Ordovician","Upper Ordovician","Hirnantian","Hir",444,443.5,443,1,131,"#009881","#8ccbae","#b6d9c3"
"S","Silurian","Llandovery","Rhuddanian","Rhu",443,442.5,442,1,132,"#bfe0cd","#8ccbae","#b3dccc"
"S","Silurian","Llandovery","Rhuddanian","Rhu",442,441.5,441,1,133,"#bfe0cd","#8ccbae","#b3dccc"
"S","Silurian","Llandovery","Rhuddanian","Rhu",441,440.5,440,1,134,"#bfe0cd","#8ccbae","#b3dccc"
"S","Silurian","Llandovery","Aeronian","Aer",440,439.5,439,1,135,"#bfe0cd","#8ccbae","#c1e1d6"
"S","Silurian","Llandovery","Aeronian","Aer",439,438.5,438,1,136,"#bfe0cd","#8ccbae","#c1e1d6"
"S","Silurian","Llandovery","Telychian","Tel",438,437.5,437,1,137,"#bfe0cd","#8ccbae","#cae8e0"
"S","Silurian","Llandovery","Telychian","Tel",437,436.5,436,1,138,"#bfe0cd","#8ccbae","#cae8e0"
"S","Silurian","Llandovery","Telychian","Tel",436,435.5,435,1,139,"#bfe0cd","#8ccbae","#cae8e0"
"S","Silurian","Llandovery","Telychian","Tel",435,434.5,434,1,140,"#bfe0cd","#8ccbae","#cae8e0"
"S","Silurian","Llandovery","Telychian","Tel",434,433.5,433,1,141,"#bfe0cd","#8ccbae","#cae8e0"
"S","Silurian","Wenlock","Sheinwoodian","She",433,432.5,432,1,142,"#bfe0cd","#c1e1d6","#cce7d8"
"S","Silurian","Wenlock","Sheinwoodian","She",432,431.5,431,1,143,"#bfe0cd","#c1e1d6","#cce7d8"
"S","Silurian","Wenlock","Sheinwoodian","She",431,430.5,430,1,144,"#bfe0cd","#c1e1d6","#cce7d8"
"S","Silurian","Wenlock","Homerian","Hom",430,429.5,429,1,145,"#bfe0cd","#c1e1d6","#d6ebe2"
"S","Silurian","Wenlock","Homerian","Hom",429,428.5,428,1,146,"#bfe0cd","#c1e1d6","#d6ebe2"
"S","Silurian","Wenlock","Homerian","Hom",428,427.5,427,1,147,"#bfe0cd","#c1e1d6","#d6ebe2"
"S","Silurian","Ludlow","Gorstian","Gor",427,426.5,426,1,148,"#bfe0cd","#cce7e2","#d6ecea"
"S","Silurian","Ludlow","Gorstian","Gor",426,425.5,425,1,149,"#bfe0cd","#cce7e2","#d6ecea"
"S","Silurian","Ludlow","Ludfordian","Lud",425,424.5,424,1,150,"#bfe0cd","#cce7e2","#e2f1ec"
"S","Silurian","Ludlow","Ludfordian","Lud",424,423.5,423,1,151,"#bfe0cd","#cce7e2","#e2f1ec"
"S","Silurian","Ludlow","Ludfordian","Lud",423,422.5,422,1,152,"#bfe0cd","#cce7e2","#e2f1ec"
"S","Silurian","Pridoli","Pridoli","Pri",422,421.5,421,1,153,"#bfe0cd","#ebf5ec","#ebf5ec"
"S","Silurian","Pridoli","Pridoli","Pri",421,420.5,420,1,154,"#bfe0cd","#ebf5ec","#ebf5ec"
"S","Silurian","Pridoli","Pridoli","Pri",420,419.5,419,1,155,"#bfe0cd","#ebf5ec","#ebf5ec"
"D","Devonian","Lower Devonian","Lochkovian","Loc",419,418.5,418,1,156,"#d49f51","#e9ba6a","#eac378"
"D","Devonian","Lower Devonian","Lochkovian","Loc",418,417.5,417,1,157,"#d49f51","#e9ba6a","#eac378"
"D","Devonian","Lower Devonian","Lochkovian","Loc",417,416.5,416,1,158,"#d49f51","#e9ba6a","#eac378"
"D","Devonian","Lower Devonian","Lochkovian","Loc",416,415.5,415,1,159,"#d49f51","#e9ba6a","#eac378"
"D","Devonian","Lower Devonian","Lochkovian","Loc",415,414.5,414,1,160,"#d49f51","#e9ba6a","#eac378"
"D","Devonian","Lower Devonian","Lochkovian","Loc",414,413.5,413,1,161,"#d49f51","#e9ba6a","#eac378"
"D","Devonian","Lower Devonian","Lochkovian","Loc",413,412.5,412,1,162,"#d49f51","#e9ba6a","#eac378"
"D","Devonian","Lower Devonian","Lochkovian","Loc",412,411.5,411,1,163,"#d49f51","#e9ba6a","#eac378"
"D","Devonian","Lower Devonian","Lochkovian","Loc",411,410.5,410,1,164,"#d49f51","#e9ba6a","#eac378"
"D","Devonian","Lower Devonian","Pragian","Pra",410,409.5,409,1,165,"#d49f51","#e9ba6a","#ebcd87"
"D","Devonian","Lower Devonian","Pragian","Pra",409,408.5,408,1,166,"#d49f51","#e9ba6a","#ebcd87"
"D","Devonian","Lower Devonian","Pragian","Pra",408,407.5,407,1,167,"#d49f51","#e9ba6a","#ebcd87"
"D","Devonian","Lower Devonian","Emsian","Ems",407,406.5,406,1,168,"#d49f51","#e9ba6a","#edd595"
"D","Devonian","Lower Devonian","Emsian","Ems",406,405.5,405,1,169,"#d49f51","#e9ba6a","#edd595"
"D","Devonian","Lower Devonian","Emsian","Ems",405,404.5,404,1,170,"#d49f51","#e9ba6a","#edd595"
"D","Devonian","Lower Devonian","Emsian","Ems",404,403.5,403,1,171,"#d49f51","#e9ba6a","#edd595"
"D","Devonian","Lower Devonian","Emsian","Ems",403,402.5,402,1,172,"#d49f51","#e9ba6a","#edd595"
"D","Devonian","Lower Devonian","Emsian","Ems",402,401.5,401,1,173,"#d49f51","#e9ba6a","#edd595"
"D","Devonian","Lower Devonian","Emsian","Ems",401,400.5,400,1,174,"#d49f51","#e9ba6a","#edd595"
"D","Devonian","Lower Devonian","Emsian","Ems",400,399.5,399,1,175,"#d49f51","#e9ba6a","#edd595"
"D","Devonian","Lower Devonian","Emsian","Ems",399,398.5,398,1,176,"#d49f51","#e9ba6a","#edd595"
"D","Devonian","Lower Devonian","Emsian","Ems",398,397.5,397,1,177,"#d49f51","#e9ba6a","#edd595"
"D","Devonian","Lower Devonian","Emsian","Ems",397,396.5,396,1,178,"#d49f51","#e9ba6a","#edd595"
"D","Devonian","Lower Devonian","Emsian","Ems",396,395.5,395,1,179,"#d49f51","#e9ba6a","#edd595"
"D","Devonian","Lower Devonian","Emsian","Ems",395,394.5,394,1,180,"#d49f51","#e9ba6a","#edd595"
"D","Devonian","Lower Devonian","Emsian","Ems",394,393.5,393,1,181,"#d49f51","#e9ba6a","#edd595"
"D","Devonian","Middle Devonian","Eifelian","Eif",393,392.5,392,1,182,"#d49f51","#f4ce85","#f5da93"
"D","Devonian","Middle Devonian","Eifelian","Eif",392,391.5,391,1,183,"#d49f51","#f4ce85","#f5da93"
"D","Devonian","Middle Devonian","Eifelian","Eif",391,390.5,390,1,184,"#d49f51","#f4ce85","#f5da93"
"D","Devonian","Middle Devonian","Eifelian","Eif",390,389.5,389,1,185,"#d49f51","#f4ce85","#f5da93"
"D","Devonian","Middle Devonian","Eifelian","Eif",389,388.5,388,1,186,"#d49f51","#f4ce85","#f5da93"
"D","Devonian","Middle Devonian","Eifelian","Eif",388,387.5,387,1,187,"#d49f51","#f4ce85","#f5da93"
"D","Devonian","Middle Devonian","Givetian","Giv",387,386.5,386,1,188,"#d49f51","#f4ce85","#f5e2a0"
"D","Devonian","Middle Devonian","Givetian","Giv",386,385.5,385,1,189,"#d49f51","#f4ce85","#f5e2a0"
"D","Devonian","Middle Devonian","Givetian","Giv",385,384.5,384,1,190,"#d49f51","#f4ce85","#f5e2a0"
"D","Devonian","Middle Devonian","Givetian","Giv",384,383.5,383,1,191,"#d49f51","#f4ce85","#f5e2a0"
"D","Devonian","Middle Devonian","Givetian","Giv",383,382.5,382,1,192,"#d49f51","#f4ce85","#f5e2a0"
"D","Devonian","Upper Devonian","Frasnian","Fra",382,381.5,381,1,193,"#d49f51","#f5e4b6","#f4edc3"
"D","Devonian","Upper Devonian","Frasnian","Fra",381,380.5,380,1,194,"#d49f51","#f5e4b6","#f4edc3"
"D","Devonian","Upper Devonian","Frasnian","Fra",380,379.5,379,1,195,"#d49f51","#f5e4b6","#f4edc3"
"D","Devonian","Upper Devonian","Frasnian","Fra",379,378.5,378,1,196,"#d49f51","#f5e4b6","#f4edc3"
"D","Devonian","Upper Devonian","Frasnian","Fra",378,377.5,377,1,197,"#d49f51","#f5e4b6","#f4edc3"
"D","Devonian","Upper Devonian","Frasnian","Fra",377,376.5,376,1,198,"#d49f51","#f5e4b6","#f4edc3"
"D","Devonian","Upper Devonian","Frasnian","Fra",376,375.5,375,1,199,"#d49f51","#f5e4b6","#f4edc3"
"D","Devonian","Upper Devonian","Frasnian","Fra",375,374.5,374,1,200,"#d49f51","#f5e4b6","#f4edc3"
"D","Devonian","Upper Devonian","Frasnian","Fra",374,373.5,373,1,201,"#d49f51","#f5e4b6","#f4edc3"
"D","Devonian","Upper Devonian","Frasnian","Fra",373,372.5,372,1,202,"#d49f51","#f5e4b6","#f4edc3"
"D","Devonian","Upper Devonian","Famennian","Fam",372,371.5,371,1,203,"#d49f51","#f5e4b6","#f4f0d5"
"D","Devonian","Upper Devonian","Famennian","Fam",371,370.5,370,1,204,"#d49f51","#f5e4b6","#f4f0d5"
"D","Devonian","Upper Devonian","Famennian","Fam",370,369.5,369,1,205,"#d49f51","#f5e4b6","#f4f0d5"
"D","Devonian","Upper Devonian","Famennian","Fam",369,368.5,368,1,206,"#d49f51","#f5e4b6","#f4f0d5"
"D","Devonian","Upper Devonian","Famennian","Fam",368,367.5,367,1,207,"#d49f51","#f5e4b6","#f4f0d5"
"D","Devonian","Upper Devonian","Famennian","Fam",367,366.5,366,1,208,"#d49f51","#f5e4b6","#f4f0d5"
"D","Devonian","Upper Devonian","Famennian","Fam",366,365.5,365,1,209,"#d49f51","#f5e4b6","#f4f0d5"
"D","Devonian","Upper Devonian","Famennian","Fam",365,364.5,364,1,210,"#d49f51","#f5e4b6","#f4f0d5"
"D","Devonian","Upper Devonian","Famennian","Fam",364,363.5,363,1,211,"#d49f51","#f5e4b6","#f4f0d5"
"D","Devonian","Upper Devonian","Famennian","Fam",363,362.5,362,1,212,"#d49f51","#f5e4b6","#f4f0d5"
"D","Devonian","Upper Devonian","Famennian","Fam",362,361.5,361,1,213,"#d49f51","#f5e4b6","#f4f0d5"
"D","Devonian","Upper Devonian","Famennian","Fam",361,360.5,360,1,214,"#d49f51","#f5e4b6","#f4f0d5"
"D","Devonian","Upper Devonian","Famennian","Fam",360,359.5,359,1,215,"#d49f51","#f5e4b6","#f4f0d5"
"D","Devonian","Upper Devonian","Famennian","Fam",359,358.5,358,1,216,"#d49f51","#f5e4b6","#f4f0d5"
"C","Carboniferous","Mississippian","Tournaisian","Tou",358,357.5,357,1,217,"#6eafb5","#769e83","#9db989"
"C","Carboniferous","Mississippian","Tournaisian","Tou",357,356.5,356,1,218,"#6eafb5","#769e83","#9db989"
"C","Carboniferous","Mississippian","Tournaisian","Tou",356,355.5,355,1,219,"#6eafb5","#769e83","#9db989"
"C","Carboniferous","Mississippian","Tournaisian","Tou",355,354.5,354,1,220,"#6eafb5","#769e83","#9db989"
"C","Carboniferous","Mississippian","Tournaisian","Tou",354,353.5,353,1,221,"#6eafb5","#769e83","#9db989"
"C","Carboniferous","Mississippian","Tournaisian","Tou",353,352.5,352,1,222,"#6eafb5","#769e83","#9db989"
"C","Carboniferous","Mississippian","Tournaisian","Tou",352,351.5,351,1,223,"#6eafb5","#769e83","#9db989"
"C","Carboniferous","Mississippian","Tournaisian","Tou",351,350.5,350,1,224,"#6eafb5","#769e83","#9db989"
"C","Carboniferous","Mississippian","Tournaisian","Tou",350,349.5,349,1,225,"#6eafb5","#769e83","#9db989"
"C","Carboniferous","Mississippian","Tournaisian","Tou",349,348.5,348,1,226,"#6eafb5","#769e83","#9db989"
"C","Carboniferous","Mississippian","Tournaisian","Tou",348,347.5,347,1,227,"#6eafb5","#769e83","#9db989"
"C","Carboniferous","Mississippian","Tournaisian","Tou",347,346.5,346,1,228,"#6eafb5","#769e83","#9db989"
"C","Carboniferous","Mississippian","Visean","Vis",346,345.5,345,1,229,"#6eafb5","#769e83","#b7c089"
"C","Carboniferous","Mississippian","Visean","Vis",345,344.5,344,1,230,"#6eafb5","#769e83","#b7c089"
"C","Carboniferous","Mississippian","Visean","Vis",344,343.5,343,1,231,"#6eafb5","#769e83","#b7c089"
"C","Carboniferous","Mississippian","Visean","Vis",343,342.5,342,1,232,"#6eafb5","#769e83","#b7c089"
"C","Carboniferous","Mississippian","Visean","Vis",342,341.5,341,1,233,"#6eafb5","#769e83","#b7c089"
"C","Carboniferous","Mississippian","Visean","Vis",341,340.5,340,1,234,"#6eafb5","#769e83","#b7c089"
"C","Carboniferous","Mississippian","Visean","Vis",340,339.5,339,1,235,"#6eafb5","#769e83","#b7c089"
"C","Carboniferous","Mississippian","Visean","Vis",339,338.5,338,1,236,"#6eafb5","#769e83","#b7c089"
"C","Carboniferous","Mississippian","Visean","Vis",338,337.5,337,1,237,"#6eafb5","#769e83","#b7c089"
"C","Carboniferous","Mississippian","Visean","Vis",337,336.5,336,1,238,"#6eafb5","#769e83","#b7c089"
"C","Carboniferous","Mississippian","Visean","Vis",336,335.5,335,1,239,"#6eafb5","#769e83","#b7c089"
"C","Carboniferous","Mississippian","Visean","Vis",335,334.5,334,1,240,"#6eafb5","#769e83","#b7c089"
"C","Carboniferous","Mississippian","Visean","Vis",334,333.5,333,1,241,"#6eafb5","#769e83","#b7c089"
"C","Carboniferous","Mississippian","Visean","Vis",333,332.5,332,1,242,"#6eafb5","#769e83","#b7c089"
"C","Carboniferous","Mississippian","Visean","Vis",332,331.5,331,1,243,"#6eafb5","#769e83","#b7c089"
"C","Carboniferous","Mississippian","Visean","Vis",331,330.5,330,1,244,"#6eafb5","#769e83","#b7c089"
"C","Carboniferous","Mississippian","Serpukhovian","Ser",330,329.5,329,1,245,"#6eafb5","#769e83","#cdc888"
"C","Carboniferous","Mississippian","Serpukhovian","Ser",329,328.5,328,1,246,"#6eafb5","#769e83","#cdc888"
"C","Carboniferous","Mississippian","Serpukhovian","Ser",328,327.5,327,1,247,"#6eafb5","#769e83","#cdc888"
"C","Carboniferous","Mississippian","Serpukhovian","Ser",327,326.5,326,1,248,"#6eafb5","#769e83","#cdc888"
"C","Carboniferous","Mississippian","Serpukhovian","Ser",326,325.5,325,1,249,"#6eafb5","#769e83","#cdc888"
"C","Carboniferous","Mississippian","Serpukhovian","Ser",325,324.5,324,1,250,"#6eafb5","#769e83","#cdc888"
"C","Carboniferous","Mississippian","Serpukhovian","Ser",324,323.5,323,1,251,"#6eafb5","#769e83","#cdc888"
"C","Carboniferous","Pennsylvanian","Bashkirian","Bas",323,322.5,322,1,252,"#6eafb5","#a6c9cd","#a6c9cd"
"C","Carboniferous","Pennsylvanian","Bashkirian","Bas",322,321.5,321,1,253,"#6eafb5","#a6c9cd","#a6c9cd"
"C","Carboniferous","Pennsylvanian","Bashkirian","Bas",321,320.5,320,1,254,"#6eafb5","#a6c9cd","#a6c9cd"
"C","Carboniferous","Pennsylvanian","Bashkirian","Bas",320,319.5,319,1,255,"#6eafb5","#a6c9cd","#a6c9cd"
"C","Carboniferous","Pennsylvanian","Bashkirian","Bas",319,318.5,318,1,256,"#6eafb5","#a6c9cd","#a6c9cd"
"C","Carboniferous","Pennsylvanian","Bashkirian","Bas",318,317.5,317,1,257,"#6eafb5","#a6c9cd","#a6c9cd"
"C","Carboniferous","Pennsylvanian","Bashkirian","Bas",317,316.5,316,1,258,"#6eafb5","#a6c9cd","#a6c9cd"
"C","Carboniferous","Pennsylvanian","Bashkirian","Bas",316,315.5,315,1,259,"#6eafb5","#a6c9cd","#a6c9cd"
"C","Carboniferous","Pennsylvanian","Moscovian","Mos",315,314.5,314,1,260,"#6eafb5","#a6c9cd","#bed3ce"
"C","Carboniferous","Pennsylvanian","Moscovian","Mos",314,313.5,313,1,261,"#6eafb5","#a6c9cd","#bed3ce"
"C","Carboniferous","Pennsylvanian","Moscovian","Mos",313,312.5,312,1,262,"#6eafb5","#a6c9cd","#bed3ce"
"C","Carboniferous","Pennsylvanian","Moscovian","Mos",312,311.5,311,1,263,"#6eafb5","#a6c9cd","#bed3ce"
"C","Carboniferous","Pennsylvanian","Moscovian","Mos",311,310.5,310,1,264,"#6eafb5","#a6c9cd","#bed3ce"
"C","Carboniferous","Pennsylvanian","Moscovian","Mos",310,309.5,309,1,265,"#6eafb5","#a6c9cd","#bed3ce"
"C","Carboniferous","Pennsylvanian","Moscovian","Mos",309,308.5,308,1,266,"#6eafb5","#a6c9cd","#bed3ce"
"C","Carboniferous","Pennsylvanian","Moscovian","Mos",308,307.5,307,1,267,"#6eafb5","#a6c9cd","#bed3ce"
"C","Carboniferous","Pennsylvanian","Moscovian","Mos",307,306.5,306,1,268,"#6eafb5","#a6c9cd","#bed3ce"
"C","Carboniferous","Pennsylvanian","Kasimovian","Kas",306,305.5,305,1,269,"#6eafb5","#a6c9cd","#cad8d9"
"C","Carboniferous","Pennsylvanian","Kasimovian","Kas",305,304.5,304,1,270,"#6eafb5","#a6c9cd","#cad8d9"
"C","Carboniferous","Pennsylvanian","Kasimovian","Kas",304,303.5,303,1,271,"#6eafb5","#a6c9cd","#cad8d9"
"C","Carboniferous","Pennsylvanian","Gzhelian","Gzh",303,302.5,302,1,272,"#6eafb5","#a6c9cd","#d6dcda"
"C","Carboniferous","Pennsylvanian","Gzhelian","Gzh",302,301.5,301,1,273,"#6eafb5","#a6c9cd","#d6dcda"
"C","Carboniferous","Pennsylvanian","Gzhelian","Gzh",301,300.5,300,1,274,"#6eafb5","#a6c9cd","#d6dcda"
"C","Carboniferous","Pennsylvanian","Gzhelian","Gzh",300,299.5,299,1,275,"#6eafb5","#a6c9cd","#d6dcda"
"C","Carboniferous","Pennsylvanian","Gzhelian","Gzh",299,298.5,298,1,276,"#6eafb5","#a6c9cd","#d6dcda"
"P","Permian","Cisuralian","Asselian","Ass",298,297.5,297,1,277,"#e35b41","#e5755f","#e07f6c"
"P","Permian","Cisuralian","Asselian","Ass",297,296.5,296,1,278,"#e35b41","#e5755f","#e07f6c"
"P","Permian","Cisuralian","Asselian","Ass",296,295.5,295,1,279,"#e35b41","#e5755f","#e07f6c"
"P","Permian","Cisuralian","Sakmarian","Sak",295,294.5,294,1,280,"#e35b41","#e5755f","#e18a76"
"P","Permian","Cisuralian","Sakmarian","Sak",294,293.5,293,1,281,"#e35b41","#e5755f","#e18a76"
"P","Permian","Cisuralian","Sakmarian","Sak",293,292.5,292,1,282,"#e35b41","#e5755f","#e18a76"
"P","Permian","Cisuralian","Sakmarian","Sak",292,291.5,291,1,283,"#e35b41","#e5755f","#e18a76"
"P","Permian","Cisuralian","Sakmarian","Sak",291,290.5,290,1,284,"#e35b41","#e5755f","#e18a76"
"P","Permian","Cisuralian","Artinskian","Art",290,289.5,289,1,285,"#e35b41","#e5755f","#e39684"
"P","Permian","Cisuralian","Artinskian","Art",289,288.5,288,1,286,"#e35b41","#e5755f","#e39684"
"P","Permian","Cisuralian","Artinskian","Art",288,287.5,287,1,287,"#e35b41","#e5755f","#e39684"
"P","Permian","Cisuralian","Artinskian","Art",287,286.5,286,1,288,"#e35b41","#e5755f","#e39684"
"P","Permian","Cisuralian","Artinskian","Art",286,285.5,285,1,289,"#e35b41","#e5755f","#e39684"
"P","Permian","Cisuralian","Artinskian","Art",285,284.5,284,1,290,"#e35b41","#e5755f","#e39684"
"P","Permian","Cisuralian","Artinskian","Art",284,283.5,283,1,291,"#e35b41","#e5755f","#e39684"
"P","Permian","Cisuralian","Artinskian","Art",283,282.5,282,1,292,"#e35b41","#e5755f","#e39684"
"P","Permian","Cisuralian","Artinskian","Art",282,281.5,281,1,293,"#e35b41","#e5755f","#e39684"
"P","Permian","Cisuralian","Artinskian","Art",281,280.5,280,1,294,"#e35b41","#e5755f","#e39684"
"P","Permian","Cisuralian","Artinskian","Art",280,279.5,279,1,295,"#e35b41","#e5755f","#e39684"
"P","Permian","Cisuralian","Kungurian","Kun",279,278.5,278,1,296,"#e35b41","#e5755f","#e49f90"
"P","Permian","Cisuralian","Kungurian","Kun",278,277.5,277,1,297,"#e35b41","#e5755f","#e49f90"
"P","Permian","Cisuralian","Kungurian","Kun",277,276.5,276,1,298,"#e35b41","#e5755f","#e49f90"
"P","Permian","Cisuralian","Kungurian","Kun",276,275.5,275,1,299,"#e35b41","#e5755f","#e49f90"
"P","Permian","Cisuralian","Kungurian","Kun",275,274.5,274,1,300,"#e35b41","#e5755f","#e49f90"
"P","Permian","Cisuralian","Kungurian","Kun",274,273.5,273,1,301,"#e35b41","#e5755f","#e49f90"
"P","Permian","Cisuralian","Kungurian","Kun",273,272.5,272,1,302,"#e35b41","#e5755f","#e49f90"
"P","Permian","Guadalupian","Roadian","Roa",272,271.5,271,1,303,"#e35b41","#f18f76","#f49984"
"P","Permian","Guadalupian","Roadian","Roa",271,270.5,270,1,304,"#e35b41","#f18f76","#f49984"
"P","Permian","Guadalupian","Roadian","Roa",270,269.5,269,1,305,"#e35b41","#f18f76","#f49984"
"P","Permian","Guadalupian","Roadian","Roa",269,268.5,268,1,306,"#e35b41","#f18f76","#f49984"
"P","Permian","Guadalupian","Wordian","Wor",268,267.5,267,1,307,"#e35b41","#f18f76","#f4a692"
"P","Permian","Guadalupian","Wordian","Wor",267,266.5,266,1,308,"#e35b41","#f18f76","#f4a692"
"P","Permian","Guadalupian","Wordian","Wor",266,265.5,265,1,309,"#e35b41","#f18f76","#f4a692"
"P","Permian","Guadalupian","Capitanian","Cap",265,264.5,264,1,310,"#e35b41","#f18f76","#f6af9b"
"P","Permian","Guadalupian","Capitanian","Cap",264,263.5,263,1,311,"#e35b41","#f18f76","#f6af9b"
"P","Permian","Guadalupian","Capitanian","Cap",263,262.5,262,1,312,"#e35b41","#f18f76","#f6af9b"
"P","Permian","Guadalupian","Capitanian","Cap",262,261.5,261,1,313,"#e35b41","#f18f76","#f6af9b"
"P","Permian","Guadalupian","Capitanian","Cap",261,260.5,260,1,314,"#e35b41","#f18f76","#f6af9b"
"P","Permian","Guadalupian","Capitanian","Cap",260,259.5,259,1,315,"#e35b41","#f18f76","#f6af9b"
"P","Permian","Lopingian","Wuchiapingian","Wuc",259,258.5,258,1,316,"#e35b41","#f8baab","#fac4b8"
"P","Permian","Lopingian","Wuchiapingian","Wuc",258,257.5,257,1,317,"#e35b41","#f8baab","#fac4b8"
"P","Permian","Lopingian","Wuchiapingian","Wuc",257,256.5,256,1,318,"#e35b41","#f8baab","#fac4b8"
"P","Permian","Lopingian","Wuchiapingian","Wuc",256,255.5,255,1,319,"#e35b41","#f8baab","#fac4b8"
"P","Permian","Lopingian","Wuchiapingian","Wuc",255,254.5,254,1,320,"#e35b41","#f8baab","#fac4b8"
"P","Permian","Lopingian","Changhsingian","Chg",254,253.5,253,1,321,"#e35b41","#f8baab","#facfc6"
"P","Permian","Lopingian","Changhsingian","Chg",253,252.5,252,1,322,"#e35b41","#f8baab","#facfc6"
"Tr","Triassic","Lower Triassic","Induan","Ind",252,251.5,251,1,323,"#984b99","#a9599e","#b266a6"
"Tr","Triassic","Lower Triassic","Olenekian","Ole",251,250.5,250,1,324,"#984b99","#a9599e","#bb71ac"
"Tr","Triassic","Lower Triassic","Olenekian","Ole",250,249.5,249,1,325,"#984b99","#a9599e","#bb71ac"
"Tr","Triassic","Lower Triassic","Olenekian","Ole",249,248.5,248,1,326,"#984b99","#a9599e","#bb71ac"
"Tr","Triassic","Lower Triassic","Olenekian","Ole",248,247.5,247,1,327,"#984b99","#a9599e","#bb71ac"
"Tr","Triassic","Middle Triassic","Anisian","Ani",247,246.5,246,1,328,"#984b99","#bd86bd","#c793c3"
"Tr","Triassic","Middle Triassic","Anisian","Ani",246,245.5,245,1,329,"#984b99","#bd86bd","#c793c3"
"Tr","Triassic","Middle Triassic","Anisian","Ani",245,244.5,244,1,330,"#984b99","#bd86bd","#c793c3"
"Tr","Triassic","Middle Triassic","Anisian","Ani",244,243.5,243,1,331,"#984b99","#bd86bd","#c793c3"
"Tr","Triassic","Middle Triassic","Anisian","Ani",243,242.5,242,1,332,"#984b99","#bd86bd","#c793c3"
"Tr","Triassic","Middle Triassic","Anisian","Ani",242,241.5,241,1,333,"#984b99","#bd86bd","#c793c3"
"Tr","Triassic","Middle Triassic","Ladinian","Lad",241,240.5,240,1,334,"#984b99","#bd86bd","#d0a0c8"
"Tr","Triassic","Middle Triassic","Ladinian","Lad",240,239.5,239,1,335,"#984b99","#bd86bd","#d0a0c8"
"Tr","Triassic","Middle Triassic","Ladinian","Lad",239,238.5,238,1,336,"#984b99","#bd86bd","#d0a0c8"
"Tr","Triassic","Middle Triassic","Ladinian","Lad",238,237.5,237,1,337,"#984b99","#bd86bd","#d0a0c8"
"Tr","Triassic","Middle Triassic","Ladinian","Lad",237,236.5,236,1,338,"#984b99","#bd86bd","#d0a0c8"
"Tr","Triassic","Upper Triassic","Carnian","Car",236,235.5,235,1,339,"#984b99","#c9a6d0","#d1b3d5"
"Tr","Triassic","Upper Triassic","Carnian","Car",235,234.5,234,1,340,"#984b99","#c9a6d0","#d1b3d5"
"Tr","Triassic","Upper Triassic","Carnian","Car",234,233.5,233,1,341,"#984b99","#c9a6d0","#d1b3d5"
"Tr","Triassic","Upper Triassic","Carnian","Car",233,232.5,232,1,342,"#984b99","#c9a6d0","#d1b3d5"
"Tr","Triassic","Upper Triassic","Carnian","Car",232,231.5,231,1,343,"#984b99","#c9a6d0","#d1b3d5"
"Tr","Triassic","Upper Triassic","Carnian","Car",231,230.5,230,1,344,"#984b99","#c9a6d0","#d1b3d5"
"Tr","Triassic","Upper Triassic","Carnian","Car",230,229.5,229,1,345,"#984b99","#c9a6d0","#d1b3d5"
"Tr","Triassic","Upper Triassic","Carnian","Car",229,228.5,228,1,346,"#984b99","#c9a6d0","#d1b3d5"
"Tr","Triassic","Upper Triassic","Carnian","Car",228,227.5,227,1,347,"#984b99","#c9a6d0","#d1b3d5"
"Tr","Triassic","Upper Triassic","Norian","Nor",227,226.5,226,1,348,"#984b99","#c9a6d0","#dbc1de"
"Tr","Triassic","Upper Triassic","Norian","Nor",226,225.5,225,1,349,"#984b99","#c9a6d0","#dbc1de"
"Tr","Triassic","Upper Triassic","Norian","Nor",225,224.5,224,1,350,"#984b99","#c9a6d0","#dbc1de"
"Tr","Triassic","Upper Triassic","Norian","Nor",224,223.5,223,1,351,"#984b99","#c9a6d0","#dbc1de"
"Tr","Triassic","Upper Triassic","Norian","Nor",223,222.5,222,1,352,"#984b99","#c9a6d0","#dbc1de"
"Tr","Triassic","Upper Triassic","Norian","Nor",222,221.5,221,1,353,"#984b99","#c9a6d0","#dbc1de"
"Tr","Triassic","Upper Triassic","Norian","Nor",221,220.5,220,1,354,"#984b99","#c9a6d0","#dbc1de"
"Tr","Triassic","Upper Triassic","Norian","Nor",220,219.5,219,1,355,"#984b99","#c9a6d0","#dbc1de"
"Tr","Triassic","Upper Triassic","Norian","Nor",219,218.5,218,1,356,"#984b99","#c9a6d0","#dbc1de"
"Tr","Triassic","Upper Triassic","Norian","Nor",218,217.5,217,1,357,"#984b99","#c9a6d0","#dbc1de"
"Tr","Triassic","Upper Triassic","Norian","Nor",217,216.5,216,1,358,"#984b99","#c9a6d0","#dbc1de"
"Tr","Triassic","Upper Triassic","Norian","Nor",216,215.5,215,1,359,"#984b99","#c9a6d0","#dbc1de"
"Tr","Triassic","Upper Triassic","Norian","Nor",215,214.5,214,1,360,"#984b99","#c9a6d0","#dbc1de"
"Tr","Triassic","Upper Triassic","Norian","Nor",214,213.5,213,1,361,"#984b99","#c9a6d0","#dbc1de"
"Tr","Triassic","Upper Triassic","Norian","Nor",213,212.5,212,1,362,"#984b99","#c9a6d0","#dbc1de"
"Tr","Triassic","Upper Triassic","Norian","Nor",212,211.5,211,1,363,"#984b99","#c9a6d0","#dbc1de"
"Tr","Triassic","Upper Triassic","Norian","Nor",211,210.5,210,1,364,"#984b99","#c9a6d0","#dbc1de"
"Tr","Triassic","Upper Triassic","Norian","Nor",210,209.5,209,1,365,"#984b99","#c9a6d0","#dbc1de"
"Tr","Triassic","Upper Triassic","Norian","Nor",209,208.5,208,1,366,"#984b99","#c9a6d0","#dbc1de"
"Tr","Triassic","Upper Triassic","Rhaetian","Rha",208,207.5,207,1,367,"#984b99","#c9a6d0","#e5cbe4"
"Tr","Triassic","Upper Triassic","Rhaetian","Rha",207,206.5,206,1,368,"#984b99","#c9a6d0","#e5cbe4"
"Tr","Triassic","Upper Triassic","Rhaetian","Rha",206,205.5,205,1,369,"#984b99","#c9a6d0","#e5cbe4"
"Tr","Triassic","Upper Triassic","Rhaetian","Rha",205,204.5,204,1,370,"#984b99","#c9a6d0","#e5cbe4"
"Tr","Triassic","Upper Triassic","Rhaetian","Rha",204,203.5,203,1,371,"#984b99","#c9a6d0","#e5cbe4"
"Tr","Triassic","Upper Triassic","Rhaetian","Rha",203,202.5,202,1,372,"#984b99","#c9a6d0","#e5cbe4"
"Tr","Triassic","Upper Triassic","Rhaetian","Rha",202,201.5,201,1,373,"#984b99","#c9a6d0","#e5cbe4"
"J","Jurassic","Lower Jurassic","Hettangian","Het",201,200.5,200,1,374,"#00b0e2","#02b1ea","#22b5e9"
"J","Jurassic","Lower Jurassic","Hettangian","Het",200,199.5,199,1,375,"#00b0e2","#02b1ea","#22b5e9"
"J","Jurassic","Lower Jurassic","Sinemurian","Sin",199,198.5,198,1,376,"#00b0e2","#02b1ea","#5ebeee"
"J","Jurassic","Lower Jurassic","Sinemurian","Sin",198,197.5,197,1,377,"#00b0e2","#02b1ea","#5ebeee"
"J","Jurassic","Lower Jurassic","Sinemurian","Sin",197,196.5,196,1,378,"#00b0e2","#02b1ea","#5ebeee"
"J","Jurassic","Lower Jurassic","Sinemurian","Sin",196,195.5,195,1,379,"#00b0e2","#02b1ea","#5ebeee"
"J","Jurassic","Lower Jurassic","Sinemurian","Sin",195,194.5,194,1,380,"#00b0e2","#02b1ea","#5ebeee"
"J","Jurassic","Lower Jurassic","Sinemurian","Sin",194,193.5,193,1,381,"#00b0e2","#02b1ea","#5ebeee"
"J","Jurassic","Lower Jurassic","Sinemurian","Sin",193,192.5,192,1,382,"#00b0e2","#02b1ea","#5ebeee"
"J","Jurassic","Lower Jurassic","Sinemurian","Sin",192,191.5,191,1,383,"#00b0e2","#02b1ea","#5ebeee"
"J","Jurassic","Lower Jurassic","Sinemurian","Sin",191,190.5,190,1,384,"#00b0e2","#02b1ea","#5ebeee"
"J","Jurassic","Lower Jurassic","Pliensbachian","Plb",190,189.5,189,1,385,"#00b0e2","#02b1ea","#86c9f3"
"J","Jurassic","Lower Jurassic","Pliensbachian","Plb",189,188.5,188,1,386,"#00b0e2","#02b1ea","#86c9f3"
"J","Jurassic","Lower Jurassic","Pliensbachian","Plb",188,187.5,187,1,387,"#00b0e2","#02b1ea","#86c9f3"
"J","Jurassic","Lower Jurassic","Pliensbachian","Plb",187,186.5,186,1,388,"#00b0e2","#02b1ea","#86c9f3"
"J","Jurassic","Lower Jurassic","Pliensbachian","Plb",186,185.5,185,1,389,"#00b0e2","#02b1ea","#86c9f3"
"J","Jurassic","Lower Jurassic","Pliensbachian","Plb",185,184.5,184,1,390,"#00b0e2","#02b1ea","#86c9f3"
"J","Jurassic","Lower Jurassic","Pliensbachian","Plb",184,183.5,183,1,391,"#00b0e2","#02b1ea","#86c9f3"
"J","Jurassic","Lower Jurassic","Pliensbachian","Plb",183,182.5,182,1,392,"#00b0e2","#02b1ea","#86c9f3"
"J","Jurassic","Lower Jurassic","Toarcian","Toa",182,181.5,181,1,393,"#00b0e2","#02b1ea","#a3d1f3"
"J","Jurassic","Lower Jurassic","Toarcian","Toa",181,180.5,180,1,394,"#00b0e2","#02b1ea","#a3d1f3"
"J","Jurassic","Lower Jurassic","Toarcian","Toa",180,179.5,179,1,395,"#00b0e2","#02b1ea","#a3d1f3"
"J","Jurassic","Lower Jurassic","Toarcian","Toa",179,178.5,178,1,396,"#00b0e2","#02b1ea","#a3d1f3"
"J","Jurassic","Lower Jurassic","Toarcian","Toa",178,177.5,177,1,397,"#00b0e2","#02b1ea","#a3d1f3"
"J","Jurassic","Lower Jurassic","Toarcian","Toa",177,176.5,176,1,398,"#00b0e2","#02b1ea","#a3d1f3"
"J","Jurassic","Lower Jurassic","Toarcian","Toa",176,175.5,175,1,399,"#00b0e2","#02b1ea","#a3d1f3"
"J","Jurassic","Lower Jurassic","Toarcian","Toa",175,174.5,174,1,400,"#00b0e2","#02b1ea","#a3d1f3"
"J","Jurassic","Middle Jurassic","Aalenian","Aal",174,173.5,173,1,401,"#00b0e2","#84cfee","#a2d8f0"
"J","Jurassic","Middle Jurassic","Aalenian","Aal",173,172.5,172,1,402,"#00b0e2","#84cfee","#a2d8f0"
"J","Jurassic","Middle Jurassic","Aalenian","Aal",172,171.5,171,1,403,"#00b0e2","#84cfee","#a2d8f0"
"J","Jurassic","Middle Jurassic","Aalenian","Aal",171,170.5,170,1,404,"#00b0e2","#84cfee","#a2d8f0"
"J","Jurassic","Middle Jurassic","Bajocian","Baj",170,169.5,169,1,405,"#00b0e2","#84cfee","#b0dff1"
"J","Jurassic","Middle Jurassic","Bajocian","Baj",169,168.5,168,1,406,"#00b0e2","#84cfee","#b0dff1"
"J","Jurassic","Middle Jurassic","Bathonian","Bat",168,167.5,167,1,407,"#00b0e2","#84cfee","#bce3f2"
"J","Jurassic","Middle Jurassic","Bathonian","Bat",167,166.5,166,1,408,"#00b0e2","#84cfee","#bce3f2"
"J","Jurassic","Middle Jurassic","Callovian","Cal",166,165.5,165,1,409,"#00b0e2","#84cfee","#cae6f2"
"J","Jurassic","Middle Jurassic","Callovian","Cal",165,164.5,164,1,410,"#00b0e2","#84cfee","#cae6f2"
"J","Jurassic","Middle Jurassic","Callovian","Cal",164,163.5,163,1,411,"#00b0e2","#84cfee","#cae6f2"
"J","Jurassic","Upper Jurassic","Oxfordian","Oxf",163,162.5,162,1,412,"#00b0e2","#bbe4fa","#cce8fd"
"J","Jurassic","Upper Jurassic","Oxfordian","Oxf",162,161.5,161,1,413,"#00b0e2","#bbe4fa","#cce8fd"
"J","Jurassic","Upper Jurassic","Oxfordian","Oxf",161,160.5,160,1,414,"#00b0e2","#bbe4fa","#cce8fd"
"J","Jurassic","Upper Jurassic","Oxfordian","Oxf",160,159.5,159,1,415,"#00b0e2","#bbe4fa","#cce8fd"
"J","Jurassic","Upper Jurassic","Oxfordian","Oxf",159,158.5,158,1,416,"#00b0e2","#bbe4fa","#cce8fd"
"J","Jurassic","Upper Jurassic","Oxfordian","Oxf",158,157.5,157,1,417,"#00b0e2","#bbe4fa","#cce8fd"
"J","Jurassic","Upper Jurassic","Kimmeridgian","Kim",157,156.5,156,1,418,"#00b0e2","#bbe4fa","#d4eefd"
"J","Jurassic","Upper Jurassic","Kimmeridgian","Kim",156,155.5,155,1,419,"#00b0e2","#bbe4fa","#d4eefd"
"J","Jurassic","Upper Jurassic","Kimmeridgian","Kim",155,154.5,154,1,420,"#00b0e2","#bbe4fa","#d4eefd"
"J","Jurassic","Upper Jurassic","Kimmeridgian","Kim",154,153.5,153,1,421,"#00b0e2","#bbe4fa","#d4eefd"
"J","Jurassic","Upper Jurassic","Kimmeridgian","Kim",153,152.5,152,1,422,"#00b0e2","#bbe4fa","#d4eefd"
"J","Jurassic","Upper Jurassic","Tithonian","Tit",152,151.5,151,1,423,"#00b0e2","#bbe4fa","#e0f2fc"
"J","Jurassic","Upper Jurassic","Tithonian","Tit",151,150.5,150,1,424,"#00b0e2","#bbe4fa","#e0f2fc"
"J","Jurassic","Upper Jurassic","Tithonian","Tit",150,149.5,149,1,425,"#00b0e2","#bbe4fa","#e0f2fc"
"J","Jurassic","Upper Jurassic","Tithonian","Tit",149,148.5,148,1,426,"#00b0e2","#bbe4fa","#e0f2fc"
"J","Jurassic","Upper Jurassic","Tithonian","Tit",148,147.5,147,1,427,"#00b0e2","#bbe4fa","#e0f2fc"
"J","Jurassic","Upper Jurassic","Tithonian","Tit",147,146.5,146,1,428,"#00b0e2","#bbe4fa","#e0f2fc"
"J","Jurassic","Upper Jurassic","Tithonian","Tit",146,145.5,145,1,429,"#00b0e2","#bbe4fa","#e0f2fc"
"J","Jurassic","Upper Jurassic","Tithonian","Tit",145,144.5,144,1,430,"#00b0e2","#bbe4fa","#e0f2fc"
"K","Cretaceous","Lower Cretaceous","Berriasian","Ber",144,143.5,143,1,431,"#95c562","#9fca70","#9ec979"
"K","Cretaceous","Lower Cretaceous","Berriasian","Ber",143,142.5,142,1,432,"#95c562","#9fca70","#9ec979"
"K","Cretaceous","Lower Cretaceous","Berriasian","Ber",142,141.5,141,1,433,"#95c562","#9fca70","#9ec979"
"K","Cretaceous","Lower Cretaceous","Berriasian","Ber",141,140.5,140,1,434,"#95c562","#9fca70","#9ec979"
"K","Cretaceous","Lower Cretaceous","Berriasian","Ber",140,139.5,139,1,435,"#95c562","#9fca70","#9ec979"
"K","Cretaceous","Lower Cretaceous","Valanginian","Val",139,138.5,138,1,436,"#95c562","#9fca70","#a8d182"
"K","Cretaceous","Lower Cretaceous","Valanginian","Val",138,137.5,137,1,437,"#95c562","#9fca70","#a8d182"
"K","Cretaceous","Lower Cretaceous","Valanginian","Val",137,136.5,136,1,438,"#95c562","#9fca70","#a8d182"
"K","Cretaceous","Lower Cretaceous","Valanginian","Val",136,135.5,135,1,439,"#95c562","#9fca70","#a8d182"
"K","Cretaceous","Lower Cretaceous","Valanginian","Val",135,134.5,134,1,440,"#95c562","#9fca70","#a8d182"
"K","Cretaceous","Lower Cretaceous","Valanginian","Val",134,133.5,133,1,441,"#95c562","#9fca70","#a8d182"
"K","Cretaceous","Lower Cretaceous","Valanginian","Val",133,132.5,132,1,442,"#95c562","#9fca70","#a8d182"
"K","Cretaceous","Lower Cretaceous","Hauterivian","Hau",132,131.5,131,1,443,"#95c562","#9fca70","#b7d690"
"K","Cretaceous","Lower Cretaceous","Hauterivian","Hau",131,130.5,130,1,444,"#95c562","#9fca70","#b7d690"
"K","Cretaceous","Lower Cretaceous","Hauterivian","Hau",130,129.5,129,1,445,"#95c562","#9fca70","#b7d690"
"K","Cretaceous","Lower Cretaceous","Barremian","Bar",129,128.5,128,1,446,"#95c562","#9fca70","#c2da9c"
"K","Cretaceous","Lower Cretaceous","Barremian","Bar",128,127.5,127,1,447,"#95c562","#9fca70","#c2da9c"
"K","Cretaceous","Lower Cretaceous","Barremian","Bar",127,126.5,126,1,448,"#95c562","#9fca70","#c2da9c"
"K","Cretaceous","Lower Cretaceous","Barremian","Bar",126,125.5,125,1,449,"#95c562","#9fca70","#c2da9c"
"K","Cretaceous","Lower Cretaceous","Barremian","Bar",125,124.5,124,1,450,"#95c562","#9fca70","#c2da9c"
"K","Cretaceous","Lower Cretaceous","Aptian","Apt",124,123.5,123,1,451,"#95c562","#9fca70","#cfe1a7"
"K","Cretaceous","Lower Cretaceous","Aptian","Apt",123,122.5,122,1,452,"#95c562","#9fca70","#cfe1a7"
"K","Cretaceous","Lower Cretaceous","Aptian","Apt",122,121.5,121,1,453,"#95c562","#9fca70","#cfe1a7"
"K","Cretaceous","Lower Cretaceous","Aptian","Apt",121,120.5,120,1,454,"#95c562","#9fca70","#cfe1a7"
"K","Cretaceous","Lower Cretaceous","Aptian","Apt",120,119.5,119,1,455,"#95c562","#9fca70","#cfe1a7"
"K","Cretaceous","Lower Cretaceous","Aptian","Apt",119,118.5,118,1,456,"#95c562","#9fca70","#cfe1a7"
"K","Cretaceous","Lower Cretaceous","Aptian","Apt",118,117.5,117,1,457,"#95c562","#9fca70","#cfe1a7"
"K","Cretaceous","Lower Cretaceous","Aptian","Apt",117,116.5,116,1,458,"#95c562","#9fca70","#cfe1a7"
"K","Cretaceous","Lower Cretaceous","Aptian","Apt",116,115.5,115,1,459,"#95c562","#9fca70","#cfe1a7"
"K","Cretaceous","Lower Cretaceous","Aptian","Apt",115,114.5,114,1,460,"#95c562","#9fca70","#cfe1a7"
"K","Cretaceous","Lower Cretaceous","Aptian","Apt",114,113.5,113,1,461,"#95c562","#9fca70","#cfe1a7"
"K","Cretaceous","Lower Cretaceous","Aptian","Apt",113,112.5,112,1,462,"#95c562","#9fca70","#cfe1a7"
"K","Cretaceous","Lower Cretaceous","Albian","Alb",112,111.5,111,1,463,"#95c562","#9fca70","#d9e8b1"
"K","Cretaceous","Lower Cretaceous","Albian","Alb",111,110.5,110,1,464,"#95c562","#9fca70","#d9e8b1"
"K","Cretaceous","Lower Cretaceous","Albian","Alb",110,109.5,109,1,465,"#95c562","#9fca70","#d9e8b1"
"K","Cretaceous","Lower Cretaceous","Albian","Alb",109,108.5,108,1,466,"#95c562","#9fca70","#d9e8b1"
"K","Cretaceous","Lower Cretaceous","Albian","Alb",108,107.5,107,1,467,"#95c562","#9fca70","#d9e8b1"
"K","Cretaceous","Lower Cretaceous","Albian","Alb",107,106.5,106,1,468,"#95c562","#9fca70","#d9e8b1"
"K","Cretaceous","Lower Cretaceous","Albian","Alb",106,105.5,105,1,469,"#95c562","#9fca70","#d9e8b1"
"K","Cretaceous","Lower Cretaceous","Albian","Alb",105,104.5,104,1,470,"#95c562","#9fca70","#d9e8b1"
"K","Cretaceous","Lower Cretaceous","Albian","Alb",104,103.5,103,1,471,"#95c562","#9fca70","#d9e8b1"
"K","Cretaceous","Lower Cretaceous","Albian","Alb",103,102.5,102,1,472,"#95c562","#9fca70","#d9e8b1"
"K","Cretaceous","Lower Cretaceous","Albian","Alb",102,101.5,101,1,473,"#95c562","#9fca70","#d9e8b1"
"K","Cretaceous","Lower Cretaceous","Albian","Alb",101,100.5,100,1,474,"#95c562","#9fca70","#d9e8b1"
"K","Cretaceous","Upper Cretaceous","Cenomanian","Cen",100,99.5,99,1,475,"#95c562","#b9d25d","#c6d86c"
"K","Cretaceous","Upper Cretaceous","Cenomanian","Cen",99,98.5,98,1,476,"#95c562","#b9d25d","#c6d86c"
"K","Cretaceous","Upper Cretaceous","Cenomanian","Cen",98,97.5,97,1,477,"#95c562","#b9d25d","#c6d86c"
"K","Cretaceous","Upper Cretaceous","Cenomanian","Cen",97,96.5,96,1,478,"#95c562","#b9d25d","#c6d86c"
"K","Cretaceous","Upper Cretaceous","Cenomanian","Cen",96,95.5,95,1,479,"#95c562","#b9d25d","#c6d86c"
"K","Cretaceous","Upper Cretaceous","Cenomanian","Cen",95,94.5,94,1,480,"#95c562","#b9d25d","#c6d86c"
"K","Cretaceous","Upper Cretaceous","Cenomanian","Cen",94,93.5,93,1,481,"#95c562","#b9d25d","#c6d86c"
"K","Cretaceous","Upper Cretaceous","Turonian","Tur",93,92.5,92,1,482,"#95c562","#b9d25d","#d2dd77"
"K","Cretaceous","Upper Cretaceous","Turonian","Tur",92,91.5,91,1,483,"#95c562","#b9d25d","#d2dd77"
"K","Cretaceous","Upper Cretaceous","Turonian","Tur",91,90.5,90,1,484,"#95c562","#b9d25d","#d2dd77"
"K","Cretaceous","Upper Cretaceous","Turonian","Tur",90,89.5,89,1,485,"#95c562","#b9d25d","#d2dd77"
"K","Cretaceous","Upper Cretaceous","Coniacian","Con",89,88.5,88,1,486,"#95c562","#b9d25d","#dce383"
"K","Cretaceous","Upper Cretaceous","Coniacian","Con",88,87.5,87,1,487,"#95c562","#b9d25d","#dce383"
"K","Cretaceous","Upper Cretaceous","Coniacian","Con",87,86.5,86,1,488,"#95c562","#b9d25d","#dce383"
"K","Cretaceous","Upper Cretaceous","Santonian","San",86,85.5,85,1,489,"#95c562","#b9d25d","#e5e88f"
"K","Cretaceous","Upper Cretaceous","Santonian","San",85,84.5,84,1,490,"#95c562","#b9d25d","#e5e88f"
"K","Cretaceous","Upper Cretaceous","Santonian","San",84,83.5,83,1,491,"#95c562","#b9d25d","#e5e88f"
"K","Cretaceous","Upper Cretaceous","Campanian","Cam",83,82.5,82,1,492,"#95c562","#b9d25d","#efec9b"
"K","Cretaceous","Upper Cretaceous","Campanian","Cam",82,81.5,81,1,493,"#95c562","#b9d25d","#efec9b"
"K","Cretaceous","Upper Cretaceous","Campanian","Cam",81,80.5,80,1,494,"#95c562","#b9d25d","#efec9b"
"K","Cretaceous","Upper Cretaceous","Campanian","Cam",80,79.5,79,1,495,"#95c562","#b9d25d","#efec9b"
"K","Cretaceous","Upper Cretaceous","Campanian","Cam",79,78.5,78,1,496,"#95c562","#b9d25d","#efec9b"
"K","Cretaceous","Upper Cretaceous","Campanian","Cam",78,77.5,77,1,497,"#95c562","#b9d25d","#efec9b"
"K","Cretaceous","Upper Cretaceous","Campanian","Cam",77,76.5,76,1,498,"#95c562","#b9d25d","#efec9b"
"K","Cretaceous","Upper Cretaceous","Campanian","Cam",76,75.5,75,1,499,"#95c562","#b9d25d","#efec9b"
"K","Cretaceous","Upper Cretaceous","Campanian","Cam",75,74.5,74,1,500,"#95c562","#b9d25d","#efec9b"
"K","Cretaceous","Upper Cretaceous","Campanian","Cam",74,73.5,73,1,501,"#95c562","#b9d25d","#efec9b"
"K","Cretaceous","Upper Cretaceous","Campanian","Cam",73,72.5,72,1,502,"#95c562","#b9d25d","#efec9b"
"K","Cretaceous","Upper Cretaceous","Maastrichtian","Maa",72,71.5,71,1,503,"#95c562","#b9d25d","#f5f1a7"
"K","Cretaceous","Upper Cretaceous","Maastrichtian","Maa",71,70.5,70,1,504,"#95c562","#b9d25d","#f5f1a7"
"K","Cretaceous","Upper Cretaceous","Maastrichtian","Maa",70,69.5,69,1,505,"#95c562","#b9d25d","#f5f1a7"
"K","Cretaceous","Upper Cretaceous","Maastrichtian","Maa",69,68.5,68,1,506,"#95c562","#b9d25d","#f5f1a7"
"K","Cretaceous","Upper Cretaceous","Maastrichtian","Maa",68,67.5,67,1,507,"#95c562","#b9d25d","#f5f1a7"
"K","Cretaceous","Upper Cretaceous","Maastrichtian","Maa",67,66.5,66,1,508,"#95c562","#b9d25d","#f5f1a7"
"K","Cretaceous","Upper Cretaceous","Maastrichtian","Maa",66,65.5,65,1,509,"#95c562","#b9d25d","#f5f1a7"
"Pg","Paleogene","Paleocene","Danian","Dan",65,64.5,64,1,510,"#f8ac70","#f8b77d","#fbc27f"
"Pg","Paleogene","Paleocene","Danian","Dan",64,63.5,63,1,511,"#f8ac70","#f8b77d","#fbc27f"
"Pg","Paleogene","Paleocene","Danian","Dan",63,62.5,62,1,512,"#f8ac70","#f8b77d","#fbc27f"
"Pg","Paleogene","Paleocene","Danian","Dan",62,61.5,61,1,513,"#f8ac70","#f8b77d","#fbc27f"
"Pg","Paleogene","Paleocene","Selandian-Thanetian","Se-Th",61,60.5,60,1,514,"#f8ac70","#f8b77d","#fccb87"
"Pg","Paleogene","Paleocene","Selandian-Thanetian","Se-Th",60,59.5,59,1,515,"#f8ac70","#f8b77d","#fccb87"
"Pg","Paleogene","Paleocene","Selandian-Thanetian","Se-Th",59,58.5,58,1,516,"#f8ac70","#f8b77d","#fccb87"
"Pg","Paleogene","Paleocene","Selandian-Thanetian","Se-Th",58,57.5,57,1,517,"#f8ac70","#f8b77d","#fccb87"
"Pg","Paleogene","Paleocene","Selandian-Thanetian","Se-Th",57,56.5,56,1,518,"#f8ac70","#f8b77d","#fccb87"
"Pg","Paleogene","Paleocene","Selandian-Thanetian","Se-Th",56,55.5,55,1,519,"#f8ac70","#f8b77d","#fccb87"
"Pg","Paleogene","Eocene","Ypresian","Ypr",55,54.5,54,1,520,"#f8ac70","#fac18a","#f7ba8e"
"Pg","Paleogene","Eocene","Ypresian","Ypr",54,53.5,53,1,521,"#f8ac70","#fac18a","#f7ba8e"
"Pg","Paleogene","Eocene","Ypresian","Ypr",53,52.5,52,1,522,"#f8ac70","#fac18a","#f7ba8e"
"Pg","Paleogene","Eocene","Ypresian","Ypr",52,51.5,51,1,523,"#f8ac70","#fac18a","#f7ba8e"
"Pg","Paleogene","Eocene","Ypresian","Ypr",51,50.5,50,1,524,"#f8ac70","#fac18a","#f7ba8e"
"Pg","Paleogene","Eocene","Ypresian","Ypr",50,49.5,49,1,525,"#f8ac70","#fac18a","#f7ba8e"
"Pg","Paleogene","Eocene","Ypresian","Ypr",49,48.5,48,1,526,"#f8ac70","#fac18a","#f7ba8e"
"Pg","Paleogene","Eocene","Ypresian","Ypr",48,47.5,47,1,527,"#f8ac70","#fac18a","#f7ba8e"
"Pg","Paleogene","Eocene","Lutetian","Lut",47,46.5,46,1,528,"#f8ac70","#fac18a","#f9c39f"
"Pg","Paleogene","Eocene","Lutetian","Lut",46,45.5,45,1,529,"#f8ac70","#fac18a","#f9c39f"
"Pg","Paleogene","Eocene","Lutetian","Lut",45,44.5,44,1,530,"#f8ac70","#fac18a","#f9c39f"
"Pg","Paleogene","Eocene","Lutetian","Lut",44,43.5,43,1,531,"#f8ac70","#fac18a","#f9c39f"
"Pg","Paleogene","Eocene","Lutetian","Lut",43,42.5,42,1,532,"#f8ac70","#fac18a","#f9c39f"
"Pg","Paleogene","Eocene","Lutetian","Lut",42,41.5,41,1,533,"#f8ac70","#fac18a","#f9c39f"
"Pg","Paleogene","Eocene","Bartonian","Brt",41,40.5,40,1,534,"#f8ac70","#fac18a","#fcceac"
"Pg","Paleogene","Eocene","Bartonian","Brt",40,39.5,39,1,535,"#f8ac70","#fac18a","#fcceac"
"Pg","Paleogene","Eocene","Bartonian","Brt",39,38.5,38,1,536,"#f8ac70","#fac18a","#fcceac"
"Pg","Paleogene","Eocene","Bartonian","Brt",38,37.5,37,1,537,"#f8ac70","#fac18a","#fcceac"
"Pg","Paleogene","Eocene","Priabonian","Prb",37,36.5,36,1,538,"#f8ac70","#fac18a","#fcd7ba"
"Pg","Paleogene","Eocene","Priabonian","Prb",36,35.5,35,1,539,"#f8ac70","#fac18a","#fcd7ba"
"Pg","Paleogene","Eocene","Priabonian","Prb",35,34.5,34,1,540,"#f8ac70","#fac18a","#fcd7ba"
"Pg","Paleogene","Eocene","Priabonian","Prb",34,33.5,33,1,541,"#f8ac70","#fac18a","#fcd7ba"
"Pg","Paleogene","Oligocene","Rupelian","Rup",33,32.5,32,1,542,"#f8ac70","#fdcb98","#fedfb3"
"Pg","Paleogene","Oligocene","Rupelian","Rup",32,31.5,31,1,543,"#f8ac70","#fdcb98","#fedfb3"
"Pg","Paleogene","Oligocene","Rupelian","Rup",31,30.5,30,1,544,"#f8ac70","#fdcb98","#fedfb3"
"Pg","Paleogene","Oligocene","Rupelian","Rup",30,29.5,29,1,545,"#f8ac70","#fdcb98","#fedfb3"
"Pg","Paleogene","Oligocene","Rupelian","Rup",29,28.5,28,1,546,"#f8ac70","#fdcb98","#fedfb3"
"Pg","Paleogene","Oligocene","Chattian","Cht",28,27.5,27,1,547,"#f8ac70","#fdcb98","#ffeac3"
"Pg","Paleogene","Oligocene","Chattian","Cht",27,26.5,26,1,548,"#f8ac70","#fdcb98","#ffeac3"
"Pg","Paleogene","Oligocene","Chattian","Cht",26,25.5,25,1,549,"#f8ac70","#fdcb98","#ffeac3"
"Pg","Paleogene","Oligocene","Chattian","Cht",25,24.5,24,1,550,"#f8ac70","#fdcb98","#ffeac3"
"Pg","Paleogene","Oligocene","Chattian","Cht",24,23.5,23,1,551,"#f8ac70","#fdcb98","#ffeac3"
"Ng","Neogene","Miocene","Lower Miocene","Lmi",23,22.5,22,1,552,"#fede1a","#ffed02","#fff14a"
"Ng","Neogene","Miocene","Lower Miocene","Lmi",22,21.5,21,1,553,"#fede1a","#ffed02","#fff14a"
"Ng","Neogene","Miocene","Lower Miocene","Lmi",21,20.5,20,1,554,"#fede1a","#ffed02","#fff14a"
"Ng","Neogene","Miocene","Lower Miocene","Lmi",20,19.5,19,1,555,"#fede1a","#ffed02","#fff14a"
"Ng","Neogene","Miocene","Lower Miocene","Lmi",19,18.5,18,1,556,"#fede1a","#ffed02","#fff14a"
"Ng","Neogene","Miocene","Lower Miocene","Lmi",18,17.5,17,1,557,"#fede1a","#ffed02","#fff14a"
"Ng","Neogene","Miocene","Lower Miocene","Lmi",17,16.5,16,1,558,"#fede1a","#ffed02","#fff14a"
"Ng","Neogene","Miocene","Lower Miocene","Lmi",16,15.5,15,1,559,"#fede1a","#ffed02","#fff14a"
"Ng","Neogene","Miocene","Middle Miocene","Mmi",15,14.5,14,1,560,"#fede1a","#ffed02","#fef26b"
"Ng","Neogene","Miocene","Middle Miocene","Mmi",14,13.5,13,1,561,"#fede1a","#ffed02","#fef26b"
"Ng","Neogene","Miocene","Middle Miocene","Mmi",13,12.5,12,1,562,"#fede1a","#ffed02","#fef26b"
"Ng","Neogene","Miocene","Middle Miocene","Mmi",12,11.5,11,1,563,"#fede1a","#ffed02","#fef26b"
"Ng","Neogene","Miocene","Upper Miocene","Umi",11,10.5,10,1,564,"#fede1a","#ffed02","#fef488"
"Ng","Neogene","Miocene","Upper Miocene","Umi",10,9.5,9,1,565,"#fede1a","#ffed02","#fef488"
"Ng","Neogene","Miocene","Upper Miocene","Umi",9,8.5,8,1,566,"#fede1a","#ffed02","#fef488"
"Ng","Neogene","Miocene","Upper Miocene","Umi",8,7.5,7,1,567,"#fede1a","#ffed02","#fef488"
"Ng","Neogene","Miocene","Upper Miocene","Umi",7,6.5,6,1,568,"#fede1a","#ffed02","#fef488"
"Ng","Neogene","Miocene","Upper Miocene","Umi",6,5.5,5,1,569,"#fede1a","#ffed02","#fef488"
"Ng","Neogene","Pliocene","Pliocene","Pli",5,4.5,4,1,570,"#fede1a","#fff7b2","#fff7b2"
"Ng","Neogene","Pliocene","Pliocene","Pli",4,3.5,3,1,571,"#fede1a","#fff7b2","#fff7b2"
"Ng","Neogene","Pliocene","Pliocene","Pli",3,2.5,2,1,572,"#fede1a","#fff7b2","#fff7b2"
"","Quarternary","Pleistocene","Pleistocene","Ple",2,1.5,1,1,573,"#fff69b","#fff2c5","#fff2c5"
"","Quarternary","Pleistocene","Pleistocene","Ple",1,0.5,0,1,574,"#fff69b","#fff2c5","#fff2c5"
"","Quarternary","Holocene","Holocene","Hol",0,-0.5,-1,1,575,"#fff69b","#fff5eb","#fff5eb"
